<?xml version="1.0" encoding="UTF-8" ?>
<!DOCTYPE mapper
PUBLIC "-//mybatis.org//DTD Mapper 3.0//EN"
"http://mybatis.org/dtd/mybatis-3-mapper.dtd">
<mapper namespace="com.ruoyi.system.mapper.DcDeviceMapper">
    
    <resultMap type="DcDevice" id="DcDeviceResult">
        <result property="id"    column="id"    />
        <result property="name"    column="name"    />
        <result property="code"    column="code"    />
        <result property="status"    column="status"    />
        <result property="open"    column="open"    />
        <result property="remark"    column="remark"    />
        <result property="isMonitor"    column="isMonitor"    />
    </resultMap>

    <sql id="selectDcDeviceVo">
        select id, name, code, status, open, remark,isMonitor from dc_device
    </sql>

    <select id="selectDcDeviceList" parameterType="DcDevice" resultMap="DcDeviceResult">
        <include refid="selectDcDeviceVo"/>
        <where>  
            <if test="name != null  and name != ''"> and name like concat('%', #{name}, '%')</if>
            <if test="code != null  and code != ''"> and code = #{code}</if>
            <if test="status != null "> and status = #{status}</if>
            <if test="open != null "> and open = #{open}</if>
        </where>
    </select>
    
    <select id="selectDcDeviceById" parameterType="Long" resultMap="DcDeviceResult">
        <include refid="selectDcDeviceVo"/>
        where id = #{id}
    </select>

    <insert id="insertDcDevice" parameterType="DcDevice" useGeneratedKeys="true" keyProperty="id">
        insert into dc_device
        <trim prefix="(" suffix=")" suffixOverrides=",">
            <if test="name != null">name,</if>
            <if test="code != null">code,</if>
            <if test="status != null">status,</if>
            <if test="open != null">open,</if>
            <if test="remark != null">remark,</if>
            <if test="isMonitor != null">isMonitor,</if>
         </trim>
        <trim prefix="values (" suffix=")" suffixOverrides=",">
            <if test="name != null">#{name},</if>
            <if test="code != null">#{code},</if>
            <if test="status != null">#{status},</if>
            <if test="open != null">#{open},</if>
            <if test="remark != null">#{remark},</if>
            <if test="isMonitor != null">#{isMonitor},</if>
         </trim>
    </insert>

    <update id="updateDcDevice" parameterType="DcDevice">
        update dc_device
        <trim prefix="SET" suffixOverrides=",">
            <if test="name != null">name = #{name},</if>
            <if test="code != null">code = #{code},</if>
            <if test="status != null">status = #{status},</if>
            <if test="open != null">open = #{open},</if>
            <if test="remark != null">remark = #{remark},</if>
            <if test="isMonitor != null">isMonitor = #{isMonitor},</if>
        </trim>
        where id = #{id}
    </update>

    <delete id="deleteDcDeviceById" parameterType="Long">
        delete from dc_device where id = #{id}
    </delete>

    <delete id="deleteDcDeviceByIds" parameterType="String">
        delete from dc_device where id in 
        <foreach item="id" collection="array" open="(" separator="," close=")">
            #{id}
        </foreach>
    </delete>


    <select id="countDcDevice" resultType="Integer">
        select count(1) from dc_device
    </select>
</mapper>