<?xml version="1.0" encoding="UTF-8" ?>
<!DOCTYPE mapper
PUBLIC "-//mybatis.org//DTD Mapper 3.0//EN"
"http://mybatis.org/dtd/mybatis-3-mapper.dtd">
<mapper namespace="com.ruoyi.system.mapper.DcDeviceUpkeepMapper">
    
    <resultMap type="DcDeviceUpkeep" id="DcDeviceUpkeepResult">
        <result property="id"    column="id"    />
        <result property="dId"    column="d_id"    />
        <result property="createTime"    column="create_time"    />
        <result property="status"    column="status"    />
        <result property="remark"    column="remark"    />
        <result property="dName" column="d_name" />
    </resultMap>

    <sql id="selectDcDeviceUpkeepVo">
        select id, d_id, create_time, status, remark from dc_device_upkeep
    </sql>

    <select id="selectDcDeviceUpkeepList" parameterType="DcDeviceUpkeep" resultMap="DcDeviceUpkeepResult">
        <include refid="selectDcDeviceUpkeepVo"/>
        <where>  
            <if test="dId != null "> and d_id = #{dId}</if>
            <if test="status != null "> and status = #{status}</if>
        </where>
    </select>

    <select id="bigSelectDcDeviceUpkeepList" parameterType="DcDeviceUpkeep" resultMap="DcDeviceUpkeepResult">
        select du.id, du.d_id, du.create_time, du.status, du.remark, dd.name as d_name from dc_device_upkeep du, dc_device dd
        <where>
            du.d_id = dd.id
            <if test="status != null "> and du.status = #{status}</if>
        </where>
    </select>
    
    <select id="selectDcDeviceUpkeepById" parameterType="Long" resultMap="DcDeviceUpkeepResult">
        <include refid="selectDcDeviceUpkeepVo"/>
        where id = #{id}
    </select>

    <insert id="insertDcDeviceUpkeep" parameterType="DcDeviceUpkeep" useGeneratedKeys="true" keyProperty="id">
        insert into dc_device_upkeep
        <trim prefix="(" suffix=")" suffixOverrides=",">
            <if test="dId != null">d_id,</if>
            <if test="createTime != null">create_time,</if>
            <if test="status != null">status,</if>
            <if test="remark != null">remark,</if>
         </trim>
        <trim prefix="values (" suffix=")" suffixOverrides=",">
            <if test="dId != null">#{dId},</if>
            <if test="createTime != null">#{createTime},</if>
            <if test="status != null">#{status},</if>
            <if test="remark != null">#{remark},</if>
         </trim>
    </insert>

    <update id="updateDcDeviceUpkeep" parameterType="DcDeviceUpkeep">
        update dc_device_upkeep
        <trim prefix="SET" suffixOverrides=",">
            <if test="dId != null">d_id = #{dId},</if>
            <if test="createTime != null">create_time = #{createTime},</if>
            <if test="status != null">status = #{status},</if>
            <if test="remark != null">remark = #{remark},</if>
        </trim>
        where id = #{id}
    </update>

    <delete id="deleteDcDeviceUpkeepById" parameterType="Long">
        delete from dc_device_upkeep where id = #{id}
    </delete>

    <delete id="deleteDcDeviceUpkeepByIds" parameterType="String">
        delete from dc_device_upkeep where id in 
        <foreach item="id" collection="array" open="(" separator="," close=")">
            #{id}
        </foreach>
    </delete>
</mapper>