<?xml version="1.0" encoding="UTF-8" ?>
<!DOCTYPE mapper
PUBLIC "-//mybatis.org//DTD Mapper 3.0//EN"
"http://mybatis.org/dtd/mybatis-3-mapper.dtd">
<mapper namespace="com.ruoyi.system.mapper.DcOrdersMapper">
    
    <resultMap type="DcOrders" id="DcOrdersResult">
        <result property="id"    column="id"    />
        <result property="code"    column="code"    />
        <result property="rawMaterialCode"    column="raw_material_code"    />
        <result property="productQuantity"    column="product_quantity"    />
        <result property="status"    column="status"    />
        <result property="createTime"    column="create_time"    />
        <result property="remark"    column="remark"    />
    </resultMap>

    <sql id="selectDcOrdersVo">
        select id, code, raw_material_code, product_quantity, status, create_time, remark from dc_orders
    </sql>

    <select id="selectDcOrdersList" parameterType="DcOrders" resultMap="DcOrdersResult">
        <include refid="selectDcOrdersVo"/>
        <where>  
            <if test="code != null  and code != ''"> and code = #{code}</if>
            <if test="rawMaterialCode != null  and rawMaterialCode != ''"> and raw_material_code = #{rawMaterialCode}</if>
            <if test="productQuantity != null "> and product_quantity = #{productQuantity}</if>
            <if test="status != null "> and status = #{status}</if>
        </where>
    </select>
    
    <select id="selectDcOrdersById" parameterType="Long" resultMap="DcOrdersResult">
        <include refid="selectDcOrdersVo"/>
        where id = #{id}
    </select>

    <insert id="insertDcOrders" parameterType="DcOrders" useGeneratedKeys="true" keyProperty="id">
        insert into dc_orders
        <trim prefix="(" suffix=")" suffixOverrides=",">
            <if test="code != null">code,</if>
            <if test="rawMaterialCode != null">raw_material_code,</if>
            <if test="productQuantity != null">product_quantity,</if>
            <if test="status != null">status,</if>
            <if test="createTime != null">create_time,</if>
            <if test="remark != null">remark,</if>
         </trim>
        <trim prefix="values (" suffix=")" suffixOverrides=",">
            <if test="code != null">#{code},</if>
            <if test="rawMaterialCode != null">#{rawMaterialCode},</if>
            <if test="productQuantity != null">#{productQuantity},</if>
            <if test="status != null">#{status},</if>
            <if test="createTime != null">#{createTime},</if>
            <if test="remark != null">#{remark},</if>
         </trim>
    </insert>

    <update id="updateDcOrders" parameterType="DcOrders">
        update dc_orders
        <trim prefix="SET" suffixOverrides=",">
            <if test="code != null">code = #{code},</if>
            <if test="rawMaterialCode != null">raw_material_code = #{rawMaterialCode},</if>
            <if test="productQuantity != null">product_quantity = #{productQuantity},</if>
            <if test="status != null">status = #{status},</if>
            <if test="createTime != null">create_time = #{createTime},</if>
            <if test="remark != null">remark = #{remark},</if>
        </trim>
        where id = #{id}
    </update>

    <delete id="deleteDcOrdersById" parameterType="Long">
        delete from dc_orders where id = #{id}
    </delete>

    <delete id="deleteDcOrdersByIds" parameterType="String">
        delete from dc_orders where id in 
        <foreach item="id" collection="array" open="(" separator="," close=")">
            #{id}
        </foreach>
    </delete>
</mapper>