<?xml version="1.0" encoding="UTF-8" ?>
<!DOCTYPE mapper
PUBLIC "-//mybatis.org//DTD Mapper 3.0//EN"
"http://mybatis.org/dtd/mybatis-3-mapper.dtd">
<mapper namespace="com.ruoyi.system.mapper.DcPlanMapper">
    
    <resultMap type="DcPlan" id="DcPlanResult">
        <result property="id"    column="id"    />
        <result property="oId"    column="o_id"    />
        <result property="planCount"    column="plan_count"    />
        <result property="createTime"    column="create_time"    />
        <result property="status"    column="status"    />
        <result property="passCount"    column="pass_count"    />
        <result property="remark"    column="remark"    />
    </resultMap>

    <sql id="selectDcPlanVo">
        select id, o_id, plan_count, create_time, status, pass_count, remark from dc_plan
    </sql>

    <select id="selectDcPlanList" parameterType="DcPlan" resultMap="DcPlanResult">
        <include refid="selectDcPlanVo"/>
        <where>  
            <if test="oId != null "> and o_id = #{oId}</if>
            <if test="planCount != null "> and plan_count = #{planCount}</if>
            <if test="status != null "> and status = #{status}</if>
            <if test="passCount != null "> and pass_count = #{passCount}</if>
        </where>
    </select>
    
    <select id="selectDcPlanById" parameterType="Long" resultMap="DcPlanResult">
        <include refid="selectDcPlanVo"/>
        where id = #{id}
    </select>

    <insert id="insertDcPlan" parameterType="DcPlan" useGeneratedKeys="true" keyProperty="id">
        insert into dc_plan
        <trim prefix="(" suffix=")" suffixOverrides=",">
            <if test="oId != null">o_id,</if>
            <if test="planCount != null">plan_count,</if>
            <if test="createTime != null">create_time,</if>
            <if test="status != null">status,</if>
            <if test="passCount != null">pass_count,</if>
            <if test="remark != null">remark,</if>
         </trim>
        <trim prefix="values (" suffix=")" suffixOverrides=",">
            <if test="oId != null">#{oId},</if>
            <if test="planCount != null">#{planCount},</if>
            <if test="createTime != null">#{createTime},</if>
            <if test="status != null">#{status},</if>
            <if test="passCount != null">#{passCount},</if>
            <if test="remark != null">#{remark},</if>
         </trim>
    </insert>

    <update id="updateDcPlan" parameterType="DcPlan">
        update dc_plan
        <trim prefix="SET" suffixOverrides=",">
            <if test="oId != null">o_id = #{oId},</if>
            <if test="planCount != null">plan_count = #{planCount},</if>
            <if test="createTime != null">create_time = #{createTime},</if>
            <if test="status != null">status = #{status},</if>
            <if test="passCount != null">pass_count = #{passCount},</if>
            <if test="remark != null">remark = #{remark},</if>
        </trim>
        where id = #{id}
    </update>

    <delete id="deleteDcPlanById" parameterType="Long">
        delete from dc_plan where id = #{id}
    </delete>

    <delete id="deleteDcPlanByIds" parameterType="String">
        delete from dc_plan where id in 
        <foreach item="id" collection="array" open="(" separator="," close=")">
            #{id}
        </foreach>
    </delete>
</mapper>