<?xml version="1.0" encoding="UTF-8" ?>
<!DOCTYPE mapper
PUBLIC "-//mybatis.org//DTD Mapper 3.0//EN"
"http://mybatis.org/dtd/mybatis-3-mapper.dtd">
<mapper namespace="com.ruoyi.system.mapper.DcSensorsMapper">
    
    <resultMap type="DcSensors" id="DcSensorsResult">
        <result property="id"    column="id"    />
        <result property="name"    column="name"    />
        <result property="type"    column="type"    />
        <result property="location"    column="location"    />
        <result property="createTime"    column="create_time"    />
        <result property="remark"    column="remark"    />
        <result property="isMonitor"    column="isMonitor"    />
    </resultMap>

    <sql id="selectDcSensorsVo">
        select id, name, type, location, create_time, remark,isMonitor from dc_sensors
    </sql>

    <select id="selectDcSensorsList" parameterType="DcSensors" resultMap="DcSensorsResult">
        <include refid="selectDcSensorsVo"/>
        <where>  
            <if test="name != null  and name != ''"> and name like concat('%', #{name}, '%')</if>
            <if test="type != null "> and type = #{type}</if>
            <if test="location != null  and location != ''"> and location = #{location}</if>
            <if test="remark != null  and remark != ''"> and remark = #{remark}</if>
        </where>
    </select>
    
    <select id="selectDcSensorsById" parameterType="Long" resultMap="DcSensorsResult">
        <include refid="selectDcSensorsVo"/>
        where id = #{id}
    </select>

    <insert id="insertDcSensors" parameterType="DcSensors" useGeneratedKeys="true" keyProperty="id">
        insert into dc_sensors
        <trim prefix="(" suffix=")" suffixOverrides=",">
            <if test="name != null">name,</if>
            <if test="type != null">type,</if>
            <if test="location != null">location,</if>
            <if test="createTime != null">create_time,</if>
            <if test="remark != null">remark,</if>
            <if test="isMonitor != null">isMonitor,</if>
         </trim>
        <trim prefix="values (" suffix=")" suffixOverrides=",">
            <if test="name != null">#{name},</if>
            <if test="type != null">#{type},</if>
            <if test="location != null">#{location},</if>
            <if test="createTime != null">#{createTime},</if>
            <if test="remark != null">#{remark},</if>
            <if test="isMonitor != null">#{isMonitor},</if>
         </trim>
    </insert>

    <update id="updateDcSensors" parameterType="DcSensors">
        update dc_sensors
        <trim prefix="SET" suffixOverrides=",">
            <if test="name != null">name = #{name},</if>
            <if test="type != null">type = #{type},</if>
            <if test="location != null">location = #{location},</if>
            <if test="createTime != null">create_time = #{createTime},</if>
            <if test="remark != null">remark = #{remark},</if>
            <if test="isMonitor != null">isMonitor = #{isMonitor},</if>
        </trim>
        where id = #{id}
    </update>

    <delete id="deleteDcSensorsById" parameterType="Long">
        delete from dc_sensors where id = #{id}
    </delete>

    <delete id="deleteDcSensorsByIds" parameterType="String">
        delete from dc_sensors where id in 
        <foreach item="id" collection="array" open="(" separator="," close=")">
            #{id}
        </foreach>
    </delete>
</mapper>