<?xml version="1.0" encoding="UTF-8" ?>
<!DOCTYPE mapper
PUBLIC "-//mybatis.org//DTD Mapper 3.0//EN"
"http://mybatis.org/dtd/mybatis-3-mapper.dtd">
<mapper namespace="com.ruoyi.system.mapper.DcTemperatureDataMapper">
    
    <resultMap type="DcTemperatureData" id="DcTemperatureDataResult">
        <result property="id"    column="id"    />
        <result property="createTime"    column="create_time"    />
        <result property="value"    column="value"    />
        <result property="sensorId"    column="sensor_id"    />
    </resultMap>

    <sql id="selectDcTemperatureDataVo">
        select id, create_time, value, sensor_id from dc_temperature_data
    </sql>

    <select id="selectDcTemperatureDataList" parameterType="DcTemperatureData" resultMap="DcTemperatureDataResult">
        <include refid="selectDcTemperatureDataVo"/>
        <where>  
            <if test="value != null "> and value = #{value}</if>
            <if test="sensorId != null "> and sensor_id = #{sensorId}</if>
        </where>
    </select>
    
    <select id="selectDcTemperatureDataById" parameterType="Long" resultMap="DcTemperatureDataResult">
        <include refid="selectDcTemperatureDataVo"/>
        where id = #{id}
    </select>

    <insert id="insertDcTemperatureData" parameterType="DcTemperatureData" useGeneratedKeys="true" keyProperty="id">
        insert into dc_temperature_data
        <trim prefix="(" suffix=")" suffixOverrides=",">
            <if test="createTime != null">create_time,</if>
            <if test="value != null">value,</if>
            <if test="sensorId != null">sensor_id,</if>
         </trim>
        <trim prefix="values (" suffix=")" suffixOverrides=",">
            <if test="createTime != null">#{createTime},</if>
            <if test="value != null">#{value},</if>
            <if test="sensorId != null">#{sensorId},</if>
         </trim>
    </insert>

    <update id="updateDcTemperatureData" parameterType="DcTemperatureData">
        update dc_temperature_data
        <trim prefix="SET" suffixOverrides=",">
            <if test="createTime != null">create_time = #{createTime},</if>
            <if test="value != null">value = #{value},</if>
            <if test="sensorId != null">sensor_id = #{sensorId},</if>
        </trim>
        where id = #{id}
    </update>

    <delete id="deleteDcTemperatureDataById" parameterType="Long">
        delete from dc_temperature_data where id = #{id}
    </delete>

    <delete id="deleteDcTemperatureDataByIds" parameterType="String">
        delete from dc_temperature_data where id in 
        <foreach item="id" collection="array" open="(" separator="," close=")">
            #{id}
        </foreach>
    </delete>
</mapper>