<?xml version="1.0" encoding="UTF-8" ?>
<!DOCTYPE mapper
PUBLIC "-//mybatis.org//DTD Mapper 3.0//EN"
"http://mybatis.org/dtd/mybatis-3-mapper.dtd">
<mapper namespace="com.ruoyi.system.mapper.DcVoltageDataMapper">
    
    <resultMap type="DcVoltageData" id="DcVoltageDataResult">
        <result property="id"    column="id"    />
        <result property="createTime"    column="create_time"    />
        <result property="value"    column="value"    />
        <result property="sensorId"    column="sensor_id"    />
    </resultMap>

    <sql id="selectDcVoltageDataVo">
        select id, create_time, value, sensor_id from dc_voltage_data
    </sql>

    <select id="selectDcVoltageDataList" parameterType="DcVoltageData" resultMap="DcVoltageDataResult">
        <include refid="selectDcVoltageDataVo"/>
        <where>  
            <if test="value != null "> and value = #{value}</if>
            <if test="sensorId != null "> and sensor_id = #{sensorId}</if>
        </where>
    </select>
    
    <select id="selectDcVoltageDataById" parameterType="Long" resultMap="DcVoltageDataResult">
        <include refid="selectDcVoltageDataVo"/>
        where id = #{id}
    </select>

    <insert id="insertDcVoltageData" parameterType="DcVoltageData" useGeneratedKeys="true" keyProperty="id">
        insert into dc_voltage_data
        <trim prefix="(" suffix=")" suffixOverrides=",">
            <if test="createTime != null">create_time,</if>
            <if test="value != null">value,</if>
            <if test="sensorId != null">sensor_id,</if>
         </trim>
        <trim prefix="values (" suffix=")" suffixOverrides=",">
            <if test="createTime != null">#{createTime},</if>
            <if test="value != null">#{value},</if>
            <if test="sensorId != null">#{sensorId},</if>
         </trim>
    </insert>

    <update id="updateDcVoltageData" parameterType="DcVoltageData">
        update dc_voltage_data
        <trim prefix="SET" suffixOverrides=",">
            <if test="createTime != null">create_time = #{createTime},</if>
            <if test="value != null">value = #{value},</if>
            <if test="sensorId != null">sensor_id = #{sensorId},</if>
        </trim>
        where id = #{id}
    </update>

    <delete id="deleteDcVoltageDataById" parameterType="Long">
        delete from dc_voltage_data where id = #{id}
    </delete>

    <delete id="deleteDcVoltageDataByIds" parameterType="String">
        delete from dc_voltage_data where id in 
        <foreach item="id" collection="array" open="(" separator="," close=")">
            #{id}
        </foreach>
    </delete>
</mapper>